dataset,n_omissions,full_NES,full_nominal_P,LOPO_NES_min,LOPO_NES_max,positive_NES_folds,nominal_P_lt_0_05_folds,max_nominal_P
GSE174554,18,2.3157685724298,4.13267973361141e-07,2.22710904703842,2.46556910687223,18,18,1.22002613539907e-05
GSE274546,45,1.79932425427,0.0039781398566019,1.54307325800296,1.88046704740656,45,45,0.0310757634983536
